ORDERNUMBER,QUANTITYORDERED,PRICEEACH,ORDERLINENUMBER,SALES,ORDERDATE,DAYS_SINCE_LASTORDER,STATUS,PRODUCTLINE,MSRP,PRODUCTCODE,CUSTOMERNAME,PHONE,ADDRESSLINE1,CITY,POSTALCODE,COUNTRY,CONTACTLASTNAME,CONTACTFIRSTNAME,DEALSIZE
10107,30,95.7,2,2871,24-02-2018,828,Shipped,Motorcycles,95,S10_1678,Land of Toys Inc.,2125557818,897 Long Airport Avenue,NYC,10022,USA,Yu,Kwai,Small
10121,34,81.35,5,2765.9,07-05-2018,757,Shipped,Motorcycles,95,S10_1678,Reims Collectables,26.47.1555,59 rue de l'Abbaye,Reims,51100,France,Henriot,Paul,Small
10134,41,94.74,2,3884.34,01-07-2018,703,Shipped,Motorcycles,95,S10_1678,Lyon Souveniers,+33 1 46 62 7555,27 rue du Colonel Pierre Avia,Paris,75508,France,Da Cunha,Daniel,Medium
10145,45,83.26,6,3746.7,25-08-2018,649,Shipped,Motorcycles,95,S10_1678,Toys4GrownUps.com,6265557265,78934 Hillside Dr.,Pasadena,90003,USA,Young,Julie,Medium
10168,36,96.66,1,3479.76,28-10-2018,586,Shipped,Motorcycles,95,S10_1678,Technics Stores Inc.,6505556809,9408 Furth Circle,Burlingame,94217,USA,Hirano,Juri,Medium
10180,29,86.13,9,2497.77,11-11-2018,573,Shipped,Motorcycles,95,S10_1678,Daedalus Designs Imports,20.16.1555,"184, chausse de Tournai",Lille,59000,France,Rance,Martine,Small
10188,48,114.84,1,5512.32,18-11-2018,567,Shipped,Motorcycles,95,S10_1678,Herkku Gifts,+47 2267 3215,"Drammen 121, PR 744 Sentrum",Bergen,N 5804,Norway,Oeztan,Veysel,Medium
10211,41,114.84,14,4708.44,15-01-2019,510,Shipped,Motorcycles,95,S10_1678,Auto Canal Petit,(1) 47.55.6555,"25, rue Lauriston",Paris,75016,France,Perrier,Dominique,Medium
10223,37,107.18,1,3965.66,20-02-2019,475,Shipped,Motorcycles,95,S10_1678,"Australian Collectors, Co.",03 9520 4555,636 St Kilda Road,Melbourne,3004,Australia,Ferguson,Peter,Medium
10237,23,101.44,7,2333.12,05-04-2019,432,Shipped,Motorcycles,95,S10_1678,Vitachrome Inc.,2125551500,2678 Kingston Rd.,NYC,10022,USA,Frick,Michael,Small
10251,28,113.88,2,3188.64,18-05-2019,390,Shipped,Motorcycles,95,S10_1678,Tekni Collectables Inc.,2015559350,7476 Moss Rd.,Newark,94019,USA,Brown,William,Medium
10263,34,108.14,2,3676.76,28-06-2019,350,Shipped,Motorcycles,95,S10_1678,Gift Depot Inc.,2035552570,25593 South Bay Ln.,Bridgewater,97562,USA,King,Julie,Medium
10275,45,92.83,1,4177.35,23-07-2019,326,Shipped,Motorcycles,95,S10_1678,La Rochelle Gifts,40.67.8555,"67, rue des Cinquante Otages",Nantes,44000,France,Labrune,Janine,Medium
10285,36,113.88,6,4099.68,27-08-2019,292,Shipped,Motorcycles,95,S10_1678,Marta's Replicas Co.,6175558555,39323 Spinnaker Dr.,Cambridge,51247,USA,Hernandez,Marta,Medium
10299,23,112.93,9,2597.39,30-09-2019,259,Shipped,Motorcycles,95,S10_1678,"Toys of Finland, Co.",90-224 8555,Keskuskatu 45,Helsinki,21240,Finland,Karttunen,Matti,Small
10309,41,107.18,5,4394.38,15-10-2019,245,Shipped,Motorcycles,95,S10_1678,Baane Mini Imports,07-98 9555,Erling Skakkes gate 78,Stavern,4110,Norway,Bergulfsen,Jonas,Medium
10318,46,94.74,1,4358.04,02-11-2019,228,Shipped,Motorcycles,95,S10_1678,Diecast Classics Inc.,2155551555,7586 Pompton St.,Allentown,70267,USA,Yu,Kyung,Medium
10329,42,104.67,1,4396.14,15-11-2019,216,Shipped,Motorcycles,95,S10_1678,Land of Toys Inc.,2125557818,897 Long Airport Avenue,NYC,10022,USA,Yu,Kwai,Medium
10341,41,188.73,9,7737.93,24-11-2019,208,Shipped,Motorcycles,95,S10_1678,Salzburg Collectables,6562-9555,Geislweg 14,Salzburg,5020,Austria,Pipps,Georg,Large